Price,Adj Close,Close,High,Low,Open,Volume,Ticker,Time Frame
Ticker,B,B,B,B,B,B,,
Date,,,,,,,,
2017-08-07 00:00:00+00:00,54.39631652832031,60.220001220703125,60.439998626708984,59.95000076293945,60.439998626708984,164700,BHF,2017-08-07 to 2019-04-02
2017-08-08 00:00:00+00:00,54.55891799926758,60.400001525878906,61.630001068115234,59.97999954223633,60.15999984741211,194500,BHF,2017-08-07 to 2019-04-02
2017-08-09 00:00:00+00:00,54.595054626464844,60.439998626708984,60.81999969482422,60.13999938964844,60.220001220703125,211100,BHF,2017-08-07 to 2019-04-02
2017-08-10 00:00:00+00:00,53.48400115966797,59.209999084472656,60.209999084472656,58.810001373291016,60.099998474121094,254900,BHF,2017-08-07 to 2019-04-02
2017-08-11 00:00:00+00:00,53.00525665283203,58.68000030517578,59.61000061035156,57.70000076293945,58.33000183105469,422200,BHF,2017-08-07 to 2019-04-02
2017-08-14 00:00:00+00:00,54.21565246582031,60.02000045776367,60.2400016784668,59.310001373291016,59.34000015258789,354100,BHF,2017-08-07 to 2019-04-02
2017-08-15 00:00:00+00:00,53.944679260253906,59.720001220703125,60.099998474121094,59.709999084472656,60.09000015258789,116900,BHF,2017-08-07 to 2019-04-02
2017-08-16 00:00:00+00:00,54.49567413330078,60.33000183105469,60.59000015258789,60.029998779296875,60.029998779296875,136100,BHF,2017-08-07 to 2019-04-02
2017-08-17 00:00:00+00:00,53.800148010253906,59.560001373291016,60.529998779296875,59.54999923706055,60.02000045776367,276700,BHF,2017-08-07 to 2019-04-02
2017-08-18 00:00:00+00:00,54.17049789428711,59.970001220703125,60.13999938964844,58.97999954223633,59.150001525878906,311500,BHF,2017-08-07 to 2019-04-02
2017-08-21 00:00:00+00:00,54.315025329589844,60.130001068115234,60.25,59.439998626708984,59.81999969482422,282200,BHF,2017-08-07 to 2019-04-02
2017-08-22 00:00:00+00:00,55.18421173095703,60.95000076293945,61.0,60.13999938964844,60.33000183105469,333500,BHF,2017-08-07 to 2019-04-02
2017-08-23 00:00:00+00:00,54.62285232543945,60.33000183105469,60.790000915527344,59.939998626708984,60.5099983215332,412100,BHF,2017-08-07 to 2019-04-02
2017-08-24 00:00:00+00:00,54.45987319946289,60.150001525878906,60.560001373291016,60.08000183105469,60.52000045776367,211000,BHF,2017-08-07 to 2019-04-02
2017-08-25 00:00:00+00:00,54.84015655517578,60.56999969482422,60.72999954223633,59.869998931884766,60.349998474121094,156800,BHF,2017-08-07 to 2019-04-02
2017-08-28 00:00:00+00:00,54.88542175292969,60.619998931884766,60.79999923706055,60.34000015258789,60.79999923706055,219000,BHF,2017-08-07 to 2019-04-02
2017-08-29 00:00:00+00:00,55.24757766723633,61.02000045776367,61.189998626708984,59.77000045776367,59.97999954223633,261800,BHF,2017-08-07 to 2019-04-02
2017-08-30 00:00:00+00:00,55.917579650878906,61.7599983215332,61.779998779296875,60.7599983215332,61.0099983215332,166700,BHF,2017-08-07 to 2019-04-02
2017-08-31 00:00:00+00:00,56.605690002441406,62.52000045776367,62.599998474121094,61.459999084472656,61.97999954223633,258000,BHF,2017-08-07 to 2019-04-02
2017-09-01 00:00:00+00:00,56.66001510620117,62.58000183105469,62.84000015258789,62.33000183105469,62.81999969482422,181100,BHF,2017-08-07 to 2019-04-02
2017-09-05 00:00:00+00:00,56.49703598022461,62.400001525878906,62.65999984741211,62.119998931884766,62.52000045776367,385700,BHF,2017-08-07 to 2019-04-02
2017-09-06 00:00:00+00:00,54.84015655517578,60.56999969482422,62.66999816894531,60.08000183105469,62.4900016784668,630400,BHF,2017-08-07 to 2019-04-02
2017-09-07 00:00:00+00:00,57.284732818603516,63.27000045776367,63.459999084472656,60.65999984741211,61.11000061035156,512700,BHF,2017-08-07 to 2019-04-02
2017-09-08 00:00:00+00:00,58.80580520629883,64.94999694824219,65.19999694824219,62.560001373291016,63.279998779296875,553000,BHF,2017-08-07 to 2019-04-02
2017-09-11 00:00:00+00:00,58.39838790893555,64.5,65.61000061035156,64.16999816894531,65.45999908447266,318900,BHF,2017-08-07 to 2019-04-02
2017-09-12 00:00:00+00:00,58.199188232421875,64.27999877929688,64.98999786376953,64.22000122070312,64.8499984741211,298000,BHF,2017-08-07 to 2019-04-02
2017-09-13 00:00:00+00:00,58.48891830444336,64.5999984741211,64.8499984741211,63.84000015258789,64.30000305175781,360200,BHF,2017-08-07 to 2019-04-02
2017-09-14 00:00:00+00:00,58.8963508605957,65.05000305175781,65.30000305175781,64.51000213623047,64.61000061035156,204500,BHF,2017-08-07 to 2019-04-02
2017-09-15 00:00:00+00:00,59.58444595336914,65.80999755859375,65.95999908447266,64.4800033569336,65.13999938964844,539500,BHF,2017-08-07 to 2019-04-02
2017-09-18 00:00:00+00:00,60.76149368286133,67.11000061035156,67.31999969482422,65.94999694824219,65.94999694824219,219600,BHF,2017-08-07 to 2019-04-02
2017-09-19 00:00:00+00:00,60.99689483642578,67.37000274658203,67.37999725341797,66.80999755859375,67.16000366210938,210600,BHF,2017-08-07 to 2019-04-02
2017-09-20 00:00:00+00:00,62.0833625793457,68.56999969482422,68.70999908447266,67.44999694824219,67.48999786376953,267100,BHF,2017-08-07 to 2019-04-02
2017-09-21 00:00:00+00:00,62.11957550048828,68.61000061035156,69.02999877929688,68.43000030517578,68.63999938964844,191000,BHF,2017-08-07 to 2019-04-02
2017-09-22 00:00:00+00:00,62.03810119628906,68.5199966430664,68.86000061035156,68.16999816894531,68.62000274658203,380700,BHF,2017-08-07 to 2019-04-02
2017-09-25 00:00:00+00:00,62.400245666503906,68.91999816894531,73.83999633789062,68.0,68.55999755859375,467700,BHF,2017-08-07 to 2019-04-02
2017-09-26 00:00:00+00:00,62.15580368041992,68.6500015258789,69.30000305175781,68.22000122070312,69.16999816894531,235000,BHF,2017-08-07 to 2019-04-02
2017-09-27 00:00:00+00:00,63.613494873046875,70.26000213623047,70.68000030517578,68.22000122070312,68.81999969482422,364900,BHF,2017-08-07 to 2019-04-02
2017-09-28 00:00:00+00:00,63.667816162109375,70.31999969482422,70.48999786376953,69.37999725341797,70.18000030517578,173100,BHF,2017-08-07 to 2019-04-02
2017-09-29 00:00:00+00:00,63.77646255493164,70.44000244140625,70.72000122070312,70.1500015258789,70.26000213623047,184400,BHF,2017-08-07 to 2019-04-02
2017-10-02 00:00:00+00:00,65.03497314453125,71.83000183105469,71.8499984741211,70.56999969482422,70.66999816894531,184300,BHF,2017-08-07 to 2019-04-02
2017-10-03 00:00:00+00:00,65.1073989868164,71.91000366210938,72.01000213623047,71.44000244140625,71.9000015258789,200900,BHF,2017-08-07 to 2019-04-02
2017-10-04 00:00:00+00:00,64.28349304199219,71.0,72.27999877929688,70.94000244140625,72.05999755859375,249700,BHF,2017-08-07 to 2019-04-02
2017-10-05 00:00:00+00:00,64.3740234375,71.0999984741211,71.5999984741211,70.7699966430664,71.13999938964844,346300,BHF,2017-08-07 to 2019-04-02
2017-10-06 00:00:00+00:00,64.05712890625,70.75,71.33000183105469,70.56999969482422,70.97000122070312,214300,BHF,2017-08-07 to 2019-04-02
2017-10-09 00:00:00+00:00,63.9575309753418,70.63999938964844,71.47000122070312,70.20999908447266,71.02999877929688,276100,BHF,2017-08-07 to 2019-04-02
2017-10-10 00:00:00+00:00,64.03904724121094,70.7300033569336,71.13999938964844,70.41999816894531,71.13999938964844,210200,BHF,2017-08-07 to 2019-04-02
2017-10-11 00:00:00+00:00,63.82174301147461,70.48999786376953,71.3499984741211,70.4800033569336,70.9000015258789,183500,BHF,2017-08-07 to 2019-04-02
2017-10-12 00:00:00+00:00,64.74524688720703,71.51000213623047,71.66999816894531,70.16999816894531,70.41000366210938,166800,BHF,2017-08-07 to 2019-04-02
2017-10-13 00:00:00+00:00,64.77240753173828,71.54000091552734,72.0,71.4800033569336,72.0,107100,BHF,2017-08-07 to 2019-04-02
2017-10-16 00:00:00+00:00,65.31563568115234,72.13999938964844,72.16999816894531,71.6500015258789,71.8499984741211,98700,BHF,2017-08-07 to 2019-04-02
2017-10-17 00:00:00+00:00,65.16172790527344,71.97000122070312,72.37000274658203,71.69000244140625,72.2699966430664,152700,BHF,2017-08-07 to 2019-04-02
2017-10-18 00:00:00+00:00,65.58726501464844,72.44000244140625,72.87000274658203,71.95999908447266,72.0,182600,BHF,2017-08-07 to 2019-04-02
2017-10-19 00:00:00+00:00,64.64564514160156,71.4000015258789,72.19000244140625,71.05999755859375,72.12000274658203,145800,BHF,2017-08-07 to 2019-04-02
2017-10-20 00:00:00+00:00,65.08927917480469,71.88999938964844,72.08000183105469,71.43000030517578,72.05000305175781,170600,BHF,2017-08-07 to 2019-04-02
2017-10-23 00:00:00+00:00,64.24727630615234,70.95999908447266,72.41000366210938,70.81999969482422,72.0,348400,BHF,2017-08-07 to 2019-04-02
2017-10-24 00:00:00+00:00,65.3880615234375,72.22000122070312,72.86000061035156,71.08000183105469,71.08000183105469,209900,BHF,2017-08-07 to 2019-04-02
2017-10-25 00:00:00+00:00,65.17984008789062,71.98999786376953,72.31999969482422,71.16000366210938,72.30000305175781,202900,BHF,2017-08-07 to 2019-04-02
2017-10-26 00:00:00+00:00,64.94444274902344,71.7300033569336,72.5199966430664,71.66000366210938,72.37000274658203,173800,BHF,2017-08-07 to 2019-04-02
2017-10-27 00:00:00+00:00,60.580413818359375,66.91000366210938,71.11000061035156,66.41000366210938,70.0,391900,BHF,2017-08-07 to 2019-04-02
2017-10-30 00:00:00+00:00,58.24446105957031,64.33000183105469,66.87999725341797,64.27999877929688,66.27999877929688,344700,BHF,2017-08-07 to 2019-04-02
2017-10-31 00:00:00+00:00,58.93255615234375,65.08999633789062,65.73999786376953,64.08000183105469,64.27999877929688,257100,BHF,2017-08-07 to 2019-04-02
2017-11-01 00:00:00+00:00,58.66999435424805,64.80000305175781,65.69999694824219,63.779998779296875,65.69999694824219,289700,BHF,2017-08-07 to 2019-04-02
2017-11-02 00:00:00+00:00,59.81986618041992,66.06999969482422,66.13999938964844,64.93000030517578,65.05000305175781,178600,BHF,2017-08-07 to 2019-04-02
2017-11-03 00:00:00+00:00,60.209190368652344,66.5,66.5199966430664,65.7699966430664,65.79000091552734,241500,BHF,2017-08-07 to 2019-04-02
2017-11-06 00:00:00+00:00,59.647823333740234,65.87999725341797,66.7300033569336,65.8499984741211,66.70999908447266,306600,BHF,2017-08-07 to 2019-04-02
2017-11-07 00:00:00+00:00,58.07243347167969,64.13999938964844,66.1500015258789,64.05000305175781,65.80000305175781,319800,BHF,2017-08-07 to 2019-04-02
2017-11-08 00:00:00+00:00,58.06338119506836,64.12999725341797,64.33000183105469,62.7400016784668,63.81999969482422,315800,BHF,2017-08-07 to 2019-04-02
2017-11-09 00:00:00+00:00,56.94974136352539,62.900001525878906,64.19999694824219,62.779998779296875,63.849998474121094,298200,BHF,2017-08-07 to 2019-04-02
2017-11-10 00:00:00+00:00,56.6147346496582,62.529998779296875,63.060001373291016,62.31999969482422,62.88999938964844,167100,BHF,2017-08-07 to 2019-04-02
2017-11-13 00:00:00+00:00,56.06243896484375,61.91999816894531,62.58000183105469,61.810001373291016,62.209999084472656,270300,BHF,2017-08-07 to 2019-04-02
2017-11-14 00:00:00+00:00,56.044342041015625,61.900001525878906,62.06999969482422,61.29999923706055,61.560001373291016,252100,BHF,2017-08-07 to 2019-04-02
2017-11-15 00:00:00+00:00,55.89040756225586,61.72999954223633,62.06999969482422,61.060001373291016,61.689998626708984,236800,BHF,2017-08-07 to 2019-04-02
2017-11-16 00:00:00+00:00,57.022186279296875,62.97999954223633,63.220001220703125,61.47999954223633,61.83000183105469,193300,BHF,2017-08-07 to 2019-04-02
2017-11-17 00:00:00+00:00,57.39338684082031,63.38999938964844,63.59000015258789,62.459999084472656,62.459999084472656,197700,BHF,2017-08-07 to 2019-04-02
2017-11-20 00:00:00+00:00,57.791778564453125,63.83000183105469,63.970001220703125,63.34000015258789,63.43000030517578,205900,BHF,2017-08-07 to 2019-04-02
2017-11-21 00:00:00+00:00,58.55397415161133,64.52999877929688,64.86000061035156,63.720001220703125,63.959999084472656,246800,BHF,2017-08-07 to 2019-04-02
2017-11-22 00:00:00+00:00,58.94416046142578,64.95999908447266,65.83000183105469,64.6500015258789,64.83000183105469,259300,BHF,2017-08-07 to 2019-04-02
2017-11-24 00:00:00+00:00,58.671939849853516,64.66000366210938,65.25,64.16000366210938,65.13999938964844,116700,BHF,2017-08-07 to 2019-04-02
2017-11-27 00:00:00+00:00,58.789894104003906,64.79000091552734,65.5,64.13999938964844,64.58000183105469,246800,BHF,2017-08-07 to 2019-04-02
2017-11-28 00:00:00+00:00,59.65191650390625,65.73999786376953,65.94999694824219,64.48999786376953,64.97000122070312,199200,BHF,2017-08-07 to 2019-04-02
2017-11-29 00:00:00+00:00,59.86968994140625,65.9800033569336,66.61000061035156,65.12999725341797,65.73999786376953,159700,BHF,2017-08-07 to 2019-04-02
2017-11-30 00:00:00+00:00,60.13283157348633,66.2699966430664,66.62000274658203,65.6500015258789,66.19999694824219,220900,BHF,2017-08-07 to 2019-04-02
2017-12-01 00:00:00+00:00,58.907859802246094,64.91999816894531,66.7699966430664,63.0,66.22000122070312,214400,BHF,2017-08-07 to 2019-04-02
2017-12-04 00:00:00+00:00,58.617496490478516,64.5999984741211,66.19000244140625,64.5199966430664,65.88999938964844,131300,BHF,2017-08-07 to 2019-04-02
2017-12-05 00:00:00+00:00,58.58119583129883,64.55999755859375,65.69999694824219,64.55000305175781,65.06999969482422,187900,BHF,2017-08-07 to 2019-04-02
2017-12-06 00:00:00+00:00,58.835262298583984,64.83999633789062,64.98999786376953,64.31999969482422,64.37000274658203,183200,BHF,2017-08-07 to 2019-04-02
2017-12-07 00:00:00+00:00,58.53582763671875,64.51000213623047,66.0,64.30000305175781,64.6500015258789,252300,BHF,2017-08-07 to 2019-04-02
2017-12-08 00:00:00+00:00,58.25453186035156,64.19999694824219,65.81999969482422,64.0999984741211,64.8499984741211,206200,BHF,2017-08-07 to 2019-04-02
2017-12-11 00:00:00+00:00,57.510467529296875,63.380001068115234,64.44000244140625,63.290000915527344,64.30999755859375,208100,BHF,2017-08-07 to 2019-04-02
2017-12-12 00:00:00+00:00,57.374351501464844,63.22999954223633,63.959999084472656,63.15999984741211,63.630001068115234,144000,BHF,2017-08-07 to 2019-04-02
2017-12-13 00:00:00+00:00,57.23825454711914,63.08000183105469,63.81999969482422,63.060001373291016,63.27000045776367,152800,BHF,2017-08-07 to 2019-04-02
2017-12-14 00:00:00+00:00,56.06772232055664,61.790000915527344,63.16999816894531,61.72999954223633,63.09000015258789,233900,BHF,2017-08-07 to 2019-04-02
2017-12-15 00:00:00+00:00,57.48325729370117,63.349998474121094,63.880001068115234,61.869998931884766,61.900001525878906,942700,BHF,2017-08-07 to 2019-04-02
2017-12-18 00:00:00+00:00,57.99138259887695,63.90999984741211,65.20999908447266,63.689998626708984,64.08999633789062,164200,BHF,2017-08-07 to 2019-04-02
2017-12-19 00:00:00+00:00,57.40158462524414,63.2599983215332,64.44000244140625,63.209999084472656,63.79999923706055,139100,BHF,2017-08-07 to 2019-04-02
2017-12-20 00:00:00+00:00,57.537696838378906,63.40999984741211,64.19999694824219,63.349998474121094,63.61000061035156,172800,BHF,2017-08-07 to 2019-04-02
2017-12-21 00:00:00+00:00,57.9278678894043,63.84000015258789,64.06999969482422,63.18000030517578,63.70000076293945,163000,BHF,2017-08-07 to 2019-04-02
2017-12-22 00:00:00+00:00,57.292694091796875,63.13999938964844,63.91999816894531,62.959999084472656,63.91999816894531,167400,BHF,2017-08-07 to 2019-04-02
2017-12-26 00:00:00+00:00,57.71009826660156,63.599998474121094,64.04000091552734,63.0099983215332,63.060001373291016,139700,BHF,2017-08-07 to 2019-04-02
2017-12-27 00:00:00+00:00,57.755462646484375,63.650001525878906,64.1500015258789,63.349998474121094,63.459999084472656,114700,BHF,2017-08-07 to 2019-04-02
2017-12-28 00:00:00+00:00,57.782684326171875,63.68000030517578,63.779998779296875,63.0099983215332,63.689998626708984,88400,BHF,2017-08-07 to 2019-04-02
2017-12-29 00:00:00+00:00,57.41065979003906,63.27000045776367,64.05999755859375,63.2400016784668,63.83000183105469,165100,BHF,2017-08-07 to 2019-04-02
2018-01-02 00:00:00+00:00,58.39971923828125,64.36000061035156,64.62000274658203,63.2400016784668,63.279998779296875,436200,BHF,2017-08-07 to 2019-04-02
2018-01-03 00:00:00+00:00,58.08212661743164,64.01000213623047,64.6500015258789,63.72999954223633,64.16000366210938,194800,BHF,2017-08-07 to 2019-04-02
2018-01-04 00:00:00+00:00,59.07117462158203,65.0999984741211,65.33999633789062,64.45999908447266,64.45999908447266,149100,BHF,2017-08-07 to 2019-04-02
2018-01-05 00:00:00+00:00,58.69915771484375,64.69000244140625,65.44999694824219,64.43000030517578,65.4000015258789,236700,BHF,2017-08-07 to 2019-04-02
2018-01-08 00:00:00+00:00,59.37968826293945,65.44000244140625,65.72000122070312,64.30999755859375,64.69000244140625,240000,BHF,2017-08-07 to 2019-04-02
2018-01-09 00:00:00+00:00,59.95135498046875,66.06999969482422,66.55000305175781,65.48999786376953,65.48999786376953,177600,BHF,2017-08-07 to 2019-04-02
2018-01-10 00:00:00+00:00,59.49766540527344,65.56999969482422,65.88999938964844,65.27999877929688,65.7699966430664,149200,BHF,2017-08-07 to 2019-04-02
2018-01-11 00:00:00+00:00,61.36687088012695,67.62999725341797,67.80000305175781,65.75,65.94000244140625,186600,BHF,2017-08-07 to 2019-04-02
2018-01-12 00:00:00+00:00,61.512054443359375,67.79000091552734,68.83999633789062,67.4000015258789,67.9000015258789,161700,BHF,2017-08-07 to 2019-04-02
2018-01-16 00:00:00+00:00,61.08559799194336,67.31999969482422,69.41000366210938,67.13999938964844,68.08000183105469,285100,BHF,2017-08-07 to 2019-04-02
2018-01-17 00:00:00+00:00,61.33966064453125,67.5999984741211,67.94000244140625,66.7699966430664,67.5999984741211,189200,BHF,2017-08-07 to 2019-04-02
2018-01-18 00:00:00+00:00,61.27614212036133,67.52999877929688,67.9000015258789,67.2699966430664,67.44999694824219,176400,BHF,2017-08-07 to 2019-04-02
2018-01-19 00:00:00+00:00,61.56652069091797,67.8499984741211,68.33999633789062,67.31999969482422,67.33999633789062,227300,BHF,2017-08-07 to 2019-04-02
2018-01-22 00:00:00+00:00,60.4594841003418,66.62999725341797,67.5,66.02999877929688,67.37999725341797,151400,BHF,2017-08-07 to 2019-04-02
2018-01-23 00:00:00+00:00,60.704490661621094,66.9000015258789,67.22000122070312,66.30000305175781,66.45999908447266,193500,BHF,2017-08-07 to 2019-04-02
2018-01-24 00:00:00+00:00,61.076515197753906,67.30999755859375,68.05000305175781,66.8499984741211,67.26000213623047,171900,BHF,2017-08-07 to 2019-04-02
2018-01-25 00:00:00+00:00,61.33058166503906,67.58999633789062,67.95999908447266,66.58000183105469,67.62999725341797,120300,BHF,2017-08-07 to 2019-04-02
2018-01-26 00:00:00+00:00,61.521148681640625,67.80000305175781,67.95999908447266,67.0,67.66999816894531,106000,BHF,2017-08-07 to 2019-04-02
2018-01-29 00:00:00+00:00,60.78616714477539,66.98999786376953,68.0,66.91000366210938,67.55000305175781,114900,BHF,2017-08-07 to 2019-04-02
2018-01-30 00:00:00+00:00,60.060245513916016,66.19000244140625,66.95999908447266,65.76000213623047,66.6500015258789,240500,BHF,2017-08-07 to 2019-04-02
2018-01-31 00:00:00+00:00,59.6972770690918,65.79000091552734,67.2699966430664,65.66999816894531,66.80000305175781,231500,BHF,2017-08-07 to 2019-04-02
2018-02-01 00:00:00+00:00,60.06931686401367,66.19999694824219,66.4000015258789,64.80999755859375,65.4800033569336,206000,BHF,2017-08-07 to 2019-04-02
2018-02-02 00:00:00+00:00,58.31806182861328,64.2699966430664,66.0199966430664,64.18000030517578,65.62000274658203,164900,BHF,2017-08-07 to 2019-04-02
2018-02-05 00:00:00+00:00,55.62309646606445,61.29999923706055,64.45999908447266,61.209999084472656,63.650001525878906,222500,BHF,2017-08-07 to 2019-04-02
2018-02-06 00:00:00+00:00,55.741065979003906,61.43000030517578,61.91999816894531,59.7400016784668,60.31999969482422,287600,BHF,2017-08-07 to 2019-04-02
2018-02-07 00:00:00+00:00,55.5595703125,61.22999954223633,62.20000076293945,61.029998779296875,61.43000030517578,248900,BHF,2017-08-07 to 2019-04-02
2018-02-08 00:00:00+00:00,53.79016876220703,59.279998779296875,61.54999923706055,59.25,61.38999938964844,183600,BHF,2017-08-07 to 2019-04-02
2018-02-09 00:00:00+00:00,54.26200485229492,59.79999923706055,60.31999969482422,58.33000183105469,59.880001068115234,353500,BHF,2017-08-07 to 2019-04-02
2018-02-12 00:00:00+00:00,54.742923736572266,60.33000183105469,60.95000076293945,59.4900016784668,59.900001525878906,240000,BHF,2017-08-07 to 2019-04-02
2018-02-13 00:00:00+00:00,54.59774398803711,60.16999816894531,60.45000076293945,59.279998779296875,59.9900016784668,161500,BHF,2017-08-07 to 2019-04-02
2018-02-14 00:00:00+00:00,55.278289794921875,60.91999816894531,61.119998931884766,59.45000076293945,59.5099983215332,354700,BHF,2017-08-07 to 2019-04-02
2018-02-15 00:00:00+00:00,57.065834045410156,62.88999938964844,62.88999938964844,61.400001525878906,61.400001525878906,165700,BHF,2017-08-07 to 2019-04-02
2018-02-16 00:00:00+00:00,58.02769088745117,63.95000076293945,64.5199966430664,62.099998474121094,62.77000045776367,289300,BHF,2017-08-07 to 2019-04-02
2018-02-20 00:00:00+00:00,55.43254852294922,61.09000015258789,64.55999755859375,60.939998626708984,63.95000076293945,260900,BHF,2017-08-07 to 2019-04-02
2018-02-21 00:00:00+00:00,57.211029052734375,63.04999923706055,64.26000213623047,60.939998626708984,61.33000183105469,274200,BHF,2017-08-07 to 2019-04-02
2018-02-22 00:00:00+00:00,58.32960510253906,64.13999938964844,64.83000183105469,63.20000076293945,63.20000076293945,255100,BHF,2017-08-07 to 2019-04-02
2018-02-23 00:00:00+00:00,57.92036437988281,63.689998626708984,64.58999633789062,62.7599983215332,64.58999633789062,206700,BHF,2017-08-07 to 2019-04-02
2018-02-26 00:00:00+00:00,57.765769958496094,63.52000045776367,63.77000045776367,62.619998931884766,63.70000076293945,194800,BHF,2017-08-07 to 2019-04-02
2018-02-27 00:00:00+00:00,56.48351287841797,62.11000061035156,63.849998474121094,62.11000061035156,63.45000076293945,262700,BHF,2017-08-07 to 2019-04-02
2018-02-28 00:00:00+00:00,54.84656524658203,60.310001373291016,62.43000030517578,60.290000915527344,62.16999816894531,219200,BHF,2017-08-07 to 2019-04-02
2018-03-01 00:00:00+00:00,53.76435852050781,59.119998931884766,60.36000061035156,58.310001373291016,60.27000045776367,181700,BHF,2017-08-07 to 2019-04-02
2018-03-02 00:00:00+00:00,54.528263092041016,59.959999084472656,60.18000030517578,58.22999954223633,58.58000183105469,181300,BHF,2017-08-07 to 2019-04-02
2018-03-05 00:00:00+00:00,54.63740921020508,60.08000183105469,60.5,59.029998779296875,59.529998779296875,146700,BHF,2017-08-07 to 2019-04-02
2018-03-06 00:00:00+00:00,54.8283805847168,60.290000915527344,61.0,59.25,60.33000183105469,305000,BHF,2017-08-07 to 2019-04-02
2018-03-07 00:00:00+00:00,54.76472091674805,60.220001220703125,60.36000061035156,57.93000030517578,59.63999938964844,320800,BHF,2017-08-07 to 2019-04-02
2018-03-08 00:00:00+00:00,55.21033477783203,60.709999084472656,61.0,60.060001373291016,60.380001068115234,165500,BHF,2017-08-07 to 2019-04-02
2018-03-09 00:00:00+00:00,57.02005386352539,62.70000076293945,62.84000015258789,60.83000183105469,61.18000030517578,172800,BHF,2017-08-07 to 2019-04-02
2018-03-12 00:00:00+00:00,56.10154724121094,61.689998626708984,63.09000015258789,61.61000061035156,62.77000045776367,213700,BHF,2017-08-07 to 2019-04-02
2018-03-13 00:00:00+00:00,56.01060485839844,61.59000015258789,62.59000015258789,61.380001068115234,62.04999923706055,166500,BHF,2017-08-07 to 2019-04-02
2018-03-14 00:00:00+00:00,55.63774871826172,61.18000030517578,63.66999816894531,60.959999084472656,62.0,196800,BHF,2017-08-07 to 2019-04-02
2018-03-15 00:00:00+00:00,55.692325592041016,61.2400016784668,62.11000061035156,60.91999816894531,61.369998931884766,193800,BHF,2017-08-07 to 2019-04-02
2018-03-16 00:00:00+00:00,56.37438201904297,61.9900016784668,62.15999984741211,59.86000061035156,61.130001068115234,512200,BHF,2017-08-07 to 2019-04-02
2018-03-19 00:00:00+00:00,56.50169372558594,62.130001068115234,62.27000045776367,60.54999923706055,61.61000061035156,176700,BHF,2017-08-07 to 2019-04-02
2018-03-20 00:00:00+00:00,55.85600662231445,61.41999816894531,62.2400016784668,61.380001068115234,62.15999984741211,194700,BHF,2017-08-07 to 2019-04-02
2018-03-21 00:00:00+00:00,56.2470588684082,61.849998474121094,62.5,59.9900016784668,61.209999084472656,246500,BHF,2017-08-07 to 2019-04-02
2018-03-22 00:00:00+00:00,54.58283233642578,60.02000045776367,61.4900016784668,59.84000015258789,61.04999923706055,269000,BHF,2017-08-07 to 2019-04-02
2018-03-23 00:00:00+00:00,53.88259506225586,59.25,60.61000061035156,59.25,60.16999816894531,300500,BHF,2017-08-07 to 2019-04-02
2018-03-26 00:00:00+00:00,55.11029815673828,60.599998474121094,60.66999816894531,59.349998474121094,60.380001068115234,158900,BHF,2017-08-07 to 2019-04-02
2018-03-27 00:00:00+00:00,54.01899719238281,59.400001525878906,60.86000061035156,59.119998931884766,60.7400016784668,206400,BHF,2017-08-07 to 2019-04-02
2018-03-28 00:00:00+00:00,53.50973129272461,58.84000015258789,59.689998626708984,58.63999938964844,59.560001373291016,209300,BHF,2017-08-07 to 2019-04-02
2018-03-29 00:00:00+00:00,54.46461486816406,59.88999938964844,60.779998779296875,59.290000915527344,59.290000915527344,202000,BHF,2017-08-07 to 2019-04-02
2018-04-02 00:00:00+00:00,53.45516586303711,58.779998779296875,59.869998931884766,57.9900016784668,59.66999816894531,190700,BHF,2017-08-07 to 2019-04-02
2018-04-03 00:00:00+00:00,54.38276672363281,59.79999923706055,60.11000061035156,58.93000030517578,59.119998931884766,272800,BHF,2017-08-07 to 2019-04-02
2018-04-04 00:00:00+00:00,55.1011962890625,60.59000015258789,60.810001373291016,58.7599983215332,58.7599983215332,146700,BHF,2017-08-07 to 2019-04-02
2018-04-05 00:00:00+00:00,55.84690856933594,61.40999984741211,61.52000045776367,60.5,61.0,182300,BHF,2017-08-07 to 2019-04-02
2018-04-06 00:00:00+00:00,54.45551681518555,59.880001068115234,61.439998626708984,59.400001525878906,60.75,256200,BHF,2017-08-07 to 2019-04-02
2018-04-09 00:00:00+00:00,54.3554801940918,59.77000045776367,61.36000061035156,59.689998626708984,60.369998931884766,122200,BHF,2017-08-07 to 2019-04-02
2018-04-10 00:00:00+00:00,55.37401580810547,60.88999938964844,61.22999954223633,59.970001220703125,60.66999816894531,148100,BHF,2017-08-07 to 2019-04-02
2018-04-11 00:00:00+00:00,54.7920036315918,60.25,60.79999923706055,60.13999938964844,60.45000076293945,177100,BHF,2017-08-07 to 2019-04-02
2018-04-12 00:00:00+00:00,55.001155853271484,60.47999954223633,60.88999938964844,60.220001220703125,60.5,207100,BHF,2017-08-07 to 2019-04-02
2018-04-13 00:00:00+00:00,54.87383270263672,60.34000015258789,60.66999816894531,59.939998626708984,60.5,292700,BHF,2017-08-07 to 2019-04-02
2018-04-16 00:00:00+00:00,55.61046600341797,61.150001525878906,61.38999938964844,60.38999938964844,60.5,220000,BHF,2017-08-07 to 2019-04-02
2018-04-17 00:00:00+00:00,56.00151062011719,61.58000183105469,62.15999984741211,61.36000061035156,61.65999984741211,259400,BHF,2017-08-07 to 2019-04-02
2018-04-18 00:00:00+00:00,57.45657730102539,63.18000030517578,63.33000183105469,61.95000076293945,62.02000045776367,178900,BHF,2017-08-07 to 2019-04-02
2018-04-19 00:00:00+00:00,56.838165283203125,62.5,63.790000915527344,62.400001525878906,63.209999084472656,175400,BHF,2017-08-07 to 2019-04-02
2018-04-20 00:00:00+00:00,56.51079559326172,62.13999938964844,62.75,61.77000045776367,62.279998779296875,112900,BHF,2017-08-07 to 2019-04-02
2018-04-23 00:00:00+00:00,55.90148162841797,61.470001220703125,62.56999969482422,61.38999938964844,62.220001220703125,116300,BHF,2017-08-07 to 2019-04-02
2018-04-24 00:00:00+00:00,55.65593719482422,61.20000076293945,62.5,60.34000015258789,61.869998931884766,261800,BHF,2017-08-07 to 2019-04-02
2018-04-25 00:00:00+00:00,55.65593719482422,61.20000076293945,62.75,60.5099983215332,61.150001525878906,137800,BHF,2017-08-07 to 2019-04-02
2018-04-26 00:00:00+00:00,55.50132751464844,61.029998779296875,61.25,60.25,61.2400016784668,82500,BHF,2017-08-07 to 2019-04-02
2018-04-27 00:00:00+00:00,50.15400314331055,55.150001525878906,61.61000061035156,54.90999984741211,61.61000061035156,378300,BHF,2017-08-07 to 2019-04-02
2018-04-30 00:00:00+00:00,50.49957275390625,55.529998779296875,56.7599983215332,55.09000015258789,55.09000015258789,420400,BHF,2017-08-07 to 2019-04-02
2018-05-01 00:00:00+00:00,48.526161193847656,53.36000061035156,55.18000030517578,52.45000076293945,55.18000030517578,349000,BHF,2017-08-07 to 2019-04-02
2018-05-02 00:00:00+00:00,48.798980712890625,53.65999984741211,55.0099983215332,53.36000061035156,53.369998931884766,562400,BHF,2017-08-07 to 2019-04-02
2018-05-03 00:00:00+00:00,47.97141647338867,52.75,53.619998931884766,52.41999816894531,53.5,230900,BHF,2017-08-07 to 2019-04-02
2018-05-04 00:00:00+00:00,50.6541862487793,55.70000076293945,56.380001068115234,52.5,52.849998474121094,467000,BHF,2017-08-07 to 2019-04-02
2018-05-07 00:00:00+00:00,51.51811981201172,56.650001525878906,57.150001525878906,55.95000076293945,56.0099983215332,382800,BHF,2017-08-07 to 2019-04-02
2018-05-08 00:00:00+00:00,52.11833190917969,57.310001373291016,57.38999938964844,56.40999984741211,56.40999984741211,261000,BHF,2017-08-07 to 2019-04-02
2018-05-09 00:00:00+00:00,52.927703857421875,58.20000076293945,58.63999938964844,57.209999084472656,57.54999923706055,277100,BHF,2017-08-07 to 2019-04-02
2018-05-10 00:00:00+00:00,53.20052719116211,58.5,58.619998931884766,57.86000061035156,57.869998931884766,216000,BHF,2017-08-07 to 2019-04-02
2018-05-11 00:00:00+00:00,53.537010192871094,58.869998931884766,59.470001220703125,58.5099983215332,58.599998474121094,206800,BHF,2017-08-07 to 2019-04-02
2018-05-14 00:00:00+00:00,53.37331771850586,58.689998626708984,59.56999969482422,58.369998931884766,59.0,280500,BHF,2017-08-07 to 2019-04-02
2018-05-15 00:00:00+00:00,53.86438751220703,59.22999954223633,59.529998779296875,58.22999954223633,58.36000061035156,186200,BHF,2017-08-07 to 2019-04-02
2018-05-16 00:00:00+00:00,54.80108642578125,60.2599983215332,60.7599983215332,59.61000061035156,59.68000030517578,286800,BHF,2017-08-07 to 2019-04-02
2018-05-17 00:00:00+00:00,55.246700286865234,60.75,60.810001373291016,60.08000183105469,60.150001525878906,318600,BHF,2017-08-07 to 2019-04-02
2018-05-18 00:00:00+00:00,55.29217529296875,60.79999923706055,61.459999084472656,60.70000076293945,60.81999969482422,254100,BHF,2017-08-07 to 2019-04-02
2018-05-21 00:00:00+00:00,56.64719772338867,62.290000915527344,62.310001373291016,61.08000183105469,61.209999084472656,138000,BHF,2017-08-07 to 2019-04-02
2018-05-22 00:00:00+00:00,55.40130615234375,60.91999816894531,62.959999084472656,60.90999984741211,62.52000045776367,392500,BHF,2017-08-07 to 2019-04-02
2018-05-23 00:00:00+00:00,55.03754425048828,60.52000045776367,60.90999984741211,60.13999938964844,60.7400016784668,381700,BHF,2017-08-07 to 2019-04-02
2018-05-24 00:00:00+00:00,54.736637115478516,60.029998779296875,60.68000030517578,59.959999084472656,60.220001220703125,336400,BHF,2017-08-07 to 2019-04-02
2018-05-25 00:00:00+00:00,54.2989616394043,59.54999923706055,59.95000076293945,59.27000045776367,59.93000030517578,196500,BHF,2017-08-07 to 2019-04-02
2018-05-29 00:00:00+00:00,54.280723571777344,59.529998779296875,59.810001373291016,57.939998626708984,59.04999923706055,285800,BHF,2017-08-07 to 2019-04-02
2018-05-30 00:00:00+00:00,55.046653747558594,60.369998931884766,60.529998779296875,59.63999938964844,59.90999984741211,212300,BHF,2017-08-07 to 2019-04-02
2018-05-31 00:00:00+00:00,54.18042755126953,59.41999816894531,60.5,59.2599983215332,60.369998931884766,207900,BHF,2017-08-07 to 2019-04-02
2018-06-01 00:00:00+00:00,54.2716178894043,59.52000045776367,60.31999969482422,59.279998779296875,59.91999816894531,266600,BHF,2017-08-07 to 2019-04-02
2018-06-04 00:00:00+00:00,53.8521728515625,59.060001373291016,60.130001068115234,58.900001525878906,59.900001525878906,270500,BHF,2017-08-07 to 2019-04-02
2018-06-05 00:00:00+00:00,54.18042755126953,59.41999816894531,59.459999084472656,58.689998626708984,59.099998474121094,160100,BHF,2017-08-07 to 2019-04-02
2018-06-06 00:00:00+00:00,54.280723571777344,59.529998779296875,59.77000045776367,59.119998931884766,59.5,214200,BHF,2017-08-07 to 2019-04-02
2018-06-07 00:00:00+00:00,54.2989616394043,59.54999923706055,60.189998626708984,59.31999969482422,59.560001373291016,612900,BHF,2017-08-07 to 2019-04-02
2018-06-08 00:00:00+00:00,54.426612854003906,59.689998626708984,60.25,59.4900016784668,59.529998779296875,178400,BHF,2017-08-07 to 2019-04-02
2018-06-11 00:00:00+00:00,54.700164794921875,59.9900016784668,60.18000030517578,59.540000915527344,59.54999923706055,131200,BHF,2017-08-07 to 2019-04-02
2018-06-12 00:00:00+00:00,54.2442512512207,59.4900016784668,60.16999816894531,59.209999084472656,60.060001373291016,141000,BHF,2017-08-07 to 2019-04-02
2018-06-13 00:00:00+00:00,53.7336311340332,58.93000030517578,59.52000045776367,58.869998931884766,59.52000045776367,245500,BHF,2017-08-07 to 2019-04-02
2018-06-14 00:00:00+00:00,53.47831726074219,58.650001525878906,59.36000061035156,58.099998474121094,59.040000915527344,210700,BHF,2017-08-07 to 2019-04-02
2018-06-15 00:00:00+00:00,53.50568389892578,58.68000030517578,58.720001220703125,57.970001220703125,58.29999923706055,297000,BHF,2017-08-07 to 2019-04-02
2018-06-18 00:00:00+00:00,53.96158981323242,59.18000030517578,59.33000183105469,58.06999969482422,58.290000915527344,181800,BHF,2017-08-07 to 2019-04-02
2018-06-19 00:00:00+00:00,52.666805267333984,57.7599983215332,58.84000015258789,57.45000076293945,58.529998779296875,363700,BHF,2017-08-07 to 2019-04-02
2018-06-20 00:00:00+00:00,53.815696716308594,59.02000045776367,59.29999923706055,57.45000076293945,58.20000076293945,376300,BHF,2017-08-07 to 2019-04-02
2018-06-21 00:00:00+00:00,53.560394287109375,58.7400016784668,59.13999938964844,57.939998626708984,58.849998474121094,219800,BHF,2017-08-07 to 2019-04-02
2018-06-22 00:00:00+00:00,54.31720733642578,59.56999969482422,60.4900016784668,59.310001373291016,59.310001373291016,380200,BHF,2017-08-07 to 2019-04-02
2018-06-25 00:00:00+00:00,53.87952423095703,59.09000015258789,59.41999816894531,58.38999938964844,59.36000061035156,210900,BHF,2017-08-07 to 2019-04-02
2018-06-26 00:00:00+00:00,54.3627815246582,59.619998931884766,59.93000030517578,59.04999923706055,59.2400016784668,245400,BHF,2017-08-07 to 2019-04-02
2018-06-27 00:00:00+00:00,54.2442512512207,59.4900016784668,60.47999954223633,59.470001220703125,59.709999084472656,292600,BHF,2017-08-07 to 2019-04-02
2018-06-28 00:00:00+00:00,53.62421417236328,58.810001373291016,59.47999954223633,58.4900016784668,59.41999816894531,296400,BHF,2017-08-07 to 2019-04-02
2018-06-29 00:00:00+00:00,53.70628356933594,58.900001525878906,59.83000183105469,58.880001068115234,59.029998779296875,232600,BHF,2017-08-07 to 2019-04-02
2018-07-02 00:00:00+00:00,54.00717544555664,59.22999954223633,59.2400016784668,58.09000015258789,58.36000061035156,266300,BHF,2017-08-07 to 2019-04-02
2018-07-03 00:00:00+00:00,54.22602462768555,59.470001220703125,60.36000061035156,59.31999969482422,59.61000061035156,114500,BHF,2017-08-07 to 2019-04-02
2018-07-05 00:00:00+00:00,55.046653747558594,60.369998931884766,60.38999938964844,59.4900016784668,59.88999938964844,187700,BHF,2017-08-07 to 2019-04-02
2018-07-06 00:00:00+00:00,54.64546203613281,59.93000030517578,60.38999938964844,59.75,60.38999938964844,188500,BHF,2017-08-07 to 2019-04-02
2018-07-09 00:00:00+00:00,55.502567291259766,60.869998931884766,61.40999984741211,60.04999923706055,60.06999969482422,221100,BHF,2017-08-07 to 2019-04-02
2018-07-10 00:00:00+00:00,55.30197525024414,60.650001525878906,61.150001525878906,60.2599983215332,60.7599983215332,196100,BHF,2017-08-07 to 2019-04-02
2018-07-11 00:00:00+00:00,54.545162200927734,59.81999969482422,60.439998626708984,59.61000061035156,60.0,165300,BHF,2017-08-07 to 2019-04-02
2018-07-12 00:00:00+00:00,54.982826232910156,60.29999923706055,60.5099983215332,59.25,60.2599983215332,170100,BHF,2017-08-07 to 2019-04-02
2018-07-13 00:00:00+00:00,55.447853088378906,60.810001373291016,61.13999938964844,60.25,60.25,121200,BHF,2017-08-07 to 2019-04-02
2018-07-16 00:00:00+00:00,54.76398468017578,60.060001373291016,60.83000183105469,59.880001068115234,60.83000183105469,80200,BHF,2017-08-07 to 2019-04-02
2018-07-17 00:00:00+00:00,55.001068115234375,60.31999969482422,60.5,59.93000030517578,60.060001373291016,87500,BHF,2017-08-07 to 2019-04-02
2018-07-18 00:00:00+00:00,55.292850494384766,60.63999938964844,60.709999084472656,60.09000015258789,60.41999816894531,141700,BHF,2017-08-07 to 2019-04-02
2018-07-19 00:00:00+00:00,56.42350387573242,61.880001068115234,62.0,59.959999084472656,60.41999816894531,167900,BHF,2017-08-07 to 2019-04-02
2018-07-20 00:00:00+00:00,56.505577087402344,61.970001220703125,62.459999084472656,61.22999954223633,61.720001220703125,177900,BHF,2017-08-07 to 2019-04-02
2018-07-23 00:00:00+00:00,55.849056243896484,61.25,62.38999938964844,61.150001525878906,61.970001220703125,100800,BHF,2017-08-07 to 2019-04-02
2018-07-24 00:00:00+00:00,56.15908432006836,61.59000015258789,62.040000915527344,61.22999954223633,61.68000030517578,188900,BHF,2017-08-07 to 2019-04-02
2018-07-25 00:00:00+00:00,56.17731475830078,61.61000061035156,61.65999984741211,60.56999969482422,61.4900016784668,196300,BHF,2017-08-07 to 2019-04-02
2018-07-26 00:00:00+00:00,58.49333572387695,64.1500015258789,64.30000305175781,61.4900016784668,61.70000076293945,275300,BHF,2017-08-07 to 2019-04-02
2018-07-27 00:00:00+00:00,62.277400970458984,68.30000305175781,69.7699966430664,64.41000366210938,64.41000366210938,564100,BHF,2017-08-07 to 2019-04-02
2018-07-30 00:00:00+00:00,60.60878372192383,66.47000122070312,68.30000305175781,66.37000274658203,68.30000305175781,301400,BHF,2017-08-07 to 2019-04-02
2018-07-31 00:00:00+00:00,61.86708450317383,67.8499984741211,68.1500015258789,66.52999877929688,67.0,289100,BHF,2017-08-07 to 2019-04-02
2018-08-01 00:00:00+00:00,59.61488342285156,65.37999725341797,68.20999908447266,65.26000213623047,67.75,267400,BHF,2017-08-07 to 2019-04-02
2018-08-02 00:00:00+00:00,60.280517578125,66.11000061035156,66.27999877929688,64.52999877929688,65.08000183105469,183300,BHF,2017-08-07 to 2019-04-02
2018-08-03 00:00:00+00:00,60.006954193115234,65.80999755859375,66.58999633789062,65.08000183105469,65.08000183105469,135300,BHF,2017-08-07 to 2019-04-02
2018-08-06 00:00:00+00:00,61.03732681274414,66.94000244140625,67.08000183105469,65.94000244140625,65.94000244140625,184300,BHF,2017-08-07 to 2019-04-02
2018-08-07 00:00:00+00:00,61.22880935668945,67.1500015258789,68.41999816894531,66.79000091552734,67.19000244140625,234700,BHF,2017-08-07 to 2019-04-02
2018-08-08 00:00:00+00:00,61.31999206542969,67.25,67.69999694824219,66.58999633789062,67.01000213623047,125200,BHF,2017-08-07 to 2019-04-02
2018-08-09 00:00:00+00:00,60.62700271606445,66.48999786376953,67.36000061035156,66.31999969482422,67.1500015258789,100800,BHF,2017-08-07 to 2019-04-02
2018-08-10 00:00:00+00:00,60.37168884277344,66.20999908447266,66.58000183105469,64.94000244140625,66.0,108700,BHF,2017-08-07 to 2019-04-02
2018-08-13 00:00:00+00:00,60.11638259887695,65.93000030517578,66.79000091552734,65.69999694824219,66.30999755859375,207500,BHF,2017-08-07 to 2019-04-02
2018-08-14 00:00:00+00:00,60.15285110473633,65.97000122070312,66.62999725341797,65.52999877929688,66.1500015258789,138900,BHF,2017-08-07 to 2019-04-02
2018-08-15 00:00:00+00:00,59.842830657958984,65.62999725341797,65.94999694824219,64.76000213623047,65.52999877929688,135100,BHF,2017-08-07 to 2019-04-02
2018-08-16 00:00:00+00:00,61.15586853027344,67.06999969482422,67.62999725341797,65.69999694824219,66.7300033569336,175200,BHF,2017-08-07 to 2019-04-02
2018-08-17 00:00:00+00:00,61.620887756347656,67.58000183105469,68.19000244140625,67.25,67.25,375400,BHF,2017-08-07 to 2019-04-02
2018-08-20 00:00:00+00:00,61.994728088378906,67.98999786376953,68.52999877929688,67.73999786376953,67.73999786376953,137000,BHF,2017-08-07 to 2019-04-02
2018-08-21 00:00:00+00:00,63.125396728515625,69.2300033569336,69.5199966430664,68.0999984741211,68.1500015258789,206100,BHF,2017-08-07 to 2019-04-02
2018-08-22 00:00:00+00:00,62.25916290283203,68.27999877929688,69.1500015258789,67.94999694824219,69.13999938964844,163100,BHF,2017-08-07 to 2019-04-02
2018-08-23 00:00:00+00:00,61.9308967590332,67.91999816894531,68.30000305175781,67.66999816894531,68.1500015258789,158300,BHF,2017-08-07 to 2019-04-02
2018-08-24 00:00:00+00:00,62.432403564453125,68.47000122070312,68.55000305175781,67.51000213623047,68.11000061035156,119600,BHF,2017-08-07 to 2019-04-02
2018-08-27 00:00:00+00:00,62.423274993896484,68.30000305175781,69.27999877929688,68.18000030517578,68.70999908447266,122800,BHF,2017-08-07 to 2019-04-02
2018-08-28 00:00:00+00:00,62.203914642333984,68.05999755859375,68.7699966430664,67.75,68.68000030517578,107500,BHF,2017-08-07 to 2019-04-02
2018-08-29 00:00:00+00:00,62.359310150146484,68.2300033569336,68.47000122070312,67.51000213623047,68.2300033569336,119900,BHF,2017-08-07 to 2019-04-02
2018-08-30 00:00:00+00:00,62.27704620361328,68.13999938964844,68.44000244140625,67.5199966430664,68.05000305175781,126700,BHF,2017-08-07 to 2019-04-02
2018-08-31 00:00:00+00:00,62.203914642333984,68.05999755859375,68.19000244140625,67.52999877929688,67.87000274658203,109000,BHF,2017-08-07 to 2019-04-02
2018-09-04 00:00:00+00:00,61.66468811035156,67.47000122070312,67.88999938964844,66.69999694824219,67.77999877929688,93800,BHF,2017-08-07 to 2019-04-02
2018-09-05 00:00:00+00:00,62.048545837402344,67.88999938964844,68.02999877929688,67.31999969482422,67.31999969482422,97300,BHF,2017-08-07 to 2019-04-02
2018-09-06 00:00:00+00:00,62.313594818115234,68.18000030517578,68.55000305175781,67.98999786376953,68.05999755859375,124300,BHF,2017-08-07 to 2019-04-02
2018-09-07 00:00:00+00:00,62.176513671875,68.02999877929688,68.29000091552734,67.56999969482422,67.91999816894531,151300,BHF,2017-08-07 to 2019-04-02
2018-09-10 00:00:00+00:00,62.5146484375,68.4000015258789,69.0,68.05999755859375,68.25,193500,BHF,2017-08-07 to 2019-04-02
2018-09-11 00:00:00+00:00,62.2313346862793,68.08999633789062,68.55999755859375,67.11000061035156,68.08000183105469,132500,BHF,2017-08-07 to 2019-04-02
2018-09-12 00:00:00+00:00,62.478118896484375,68.36000061035156,68.6500015258789,67.61000061035156,68.0,131300,BHF,2017-08-07 to 2019-04-02
2018-09-13 00:00:00+00:00,63.10875701904297,69.05000305175781,69.2300033569336,68.38999938964844,68.6500015258789,78900,BHF,2017-08-07 to 2019-04-02
2018-09-14 00:00:00+00:00,63.7942008972168,69.80000305175781,70.23999786376953,69.02999877929688,69.02999877929688,149300,BHF,2017-08-07 to 2019-04-02
2018-09-17 00:00:00+00:00,63.748504638671875,69.75,69.91999816894531,68.97000122070312,69.80000305175781,145700,BHF,2017-08-07 to 2019-04-02
2018-09-18 00:00:00+00:00,64.05924224853516,70.08999633789062,70.33999633789062,69.33000183105469,69.8499984741211,158600,BHF,2017-08-07 to 2019-04-02
2018-09-19 00:00:00+00:00,64.1872329711914,70.2300033569336,70.94000244140625,69.88999938964844,70.13999938964844,231800,BHF,2017-08-07 to 2019-04-02
2018-09-20 00:00:00+00:00,65.72265625,71.91000366210938,72.08999633789062,70.4000015258789,70.87999725341797,212000,BHF,2017-08-07 to 2019-04-02
2018-09-21 00:00:00+00:00,65.49419403076172,71.66000366210938,72.56999969482422,71.5,72.02999877929688,847300,BHF,2017-08-07 to 2019-04-02
2018-09-24 00:00:00+00:00,65.31136322021484,71.45999908447266,71.95999908447266,70.52999877929688,71.95999908447266,144700,BHF,2017-08-07 to 2019-04-02
2018-09-25 00:00:00+00:00,65.69522857666016,71.87999725341797,72.69999694824219,71.4800033569336,72.66999816894531,244400,BHF,2017-08-07 to 2019-04-02
2018-09-26 00:00:00+00:00,65.30224609375,71.44999694824219,72.12000274658203,71.20999908447266,71.80999755859375,295900,BHF,2017-08-07 to 2019-04-02
2018-09-27 00:00:00+00:00,65.00975799560547,71.12999725341797,71.8499984741211,70.88999938964844,71.44999694824219,206800,BHF,2017-08-07 to 2019-04-02
2018-09-28 00:00:00+00:00,64.91838073730469,71.02999877929688,71.81999969482422,70.91999816894531,70.95999908447266,148700,BHF,2017-08-07 to 2019-04-02
2018-10-01 00:00:00+00:00,63.967864990234375,69.98999786376953,71.83000183105469,69.5999984741211,71.56999969482422,131700,BHF,2017-08-07 to 2019-04-02
2018-10-02 00:00:00+00:00,63.830753326416016,69.83999633789062,70.91000366210938,69.44999694824219,69.97000122070312,143400,BHF,2017-08-07 to 2019-04-02
2018-10-03 00:00:00+00:00,64.09581756591797,70.12999725341797,70.87000274658203,69.48999786376953,69.83999633789062,204300,BHF,2017-08-07 to 2019-04-02
2018-10-04 00:00:00+00:00,62.880252838134766,68.80000305175781,70.0199966430664,68.44999694824219,69.80000305175781,268200,BHF,2017-08-07 to 2019-04-02
2018-10-05 00:00:00+00:00,61.77436447143555,67.58999633789062,69.0999984741211,67.27999877929688,68.94000244140625,282100,BHF,2017-08-07 to 2019-04-02
2018-10-08 00:00:00+00:00,61.21684646606445,66.9800033569336,67.69000244140625,66.61000061035156,67.41000366210938,201000,BHF,2017-08-07 to 2019-04-02
2018-10-09 00:00:00+00:00,60.202354431152344,65.87000274658203,67.1500015258789,65.75,66.66000366210938,436300,BHF,2017-08-07 to 2019-04-02
2018-10-10 00:00:00+00:00,58.182518005371094,63.65999984741211,66.44999694824219,63.5,65.62000274658203,452500,BHF,2017-08-07 to 2019-04-02
2018-10-11 00:00:00+00:00,56.78416061401367,62.130001068115234,64.1500015258789,62.04999923706055,63.45000076293945,458700,BHF,2017-08-07 to 2019-04-02
2018-10-12 00:00:00+00:00,56.11697006225586,61.400001525878906,63.31999969482422,60.9900016784668,63.130001068115234,317200,BHF,2017-08-07 to 2019-04-02
2018-10-15 00:00:00+00:00,56.683616638183594,62.02000045776367,62.349998474121094,61.22999954223633,61.560001373291016,283500,BHF,2017-08-07 to 2019-04-02
2018-10-16 00:00:00+00:00,57.95402145385742,63.40999984741211,63.5099983215332,61.810001373291016,62.459999084472656,192800,BHF,2017-08-07 to 2019-04-02
2018-10-17 00:00:00+00:00,57.21371841430664,62.599998474121094,63.13999938964844,62.41999816894531,63.040000915527344,126600,BHF,2017-08-07 to 2019-04-02
2018-10-18 00:00:00+00:00,55.5594482421875,60.790000915527344,62.4900016784668,60.720001220703125,61.91999816894531,175700,BHF,2017-08-07 to 2019-04-02
2018-10-19 00:00:00+00:00,55.504608154296875,60.72999954223633,61.34000015258789,60.25,60.65999984741211,256100,BHF,2017-08-07 to 2019-04-02
2018-10-22 00:00:00+00:00,55.385807037353516,60.599998474121094,61.459999084472656,60.15999984741211,60.959999084472656,197700,BHF,2017-08-07 to 2019-04-02
2018-10-23 00:00:00+00:00,53.98744583129883,59.06999969482422,59.79999923706055,58.16999816894531,59.459999084472656,244500,BHF,2017-08-07 to 2019-04-02
2018-10-24 00:00:00+00:00,52.47028350830078,57.40999984741211,59.56999969482422,57.31999969482422,59.290000915527344,259900,BHF,2017-08-07 to 2019-04-02
2018-10-25 00:00:00+00:00,53.557891845703125,58.599998474121094,59.209999084472656,57.099998474121094,57.84000015258789,291300,BHF,2017-08-07 to 2019-04-02
2018-10-26 00:00:00+00:00,52.954681396484375,57.939998626708984,60.279998779296875,56.38999938964844,57.650001525878906,402600,BHF,2017-08-07 to 2019-04-02
2018-10-29 00:00:00+00:00,51.46493148803711,56.310001373291016,59.810001373291016,55.79999923706055,58.220001220703125,366400,BHF,2017-08-07 to 2019-04-02
2018-10-30 00:00:00+00:00,52.031578063964844,56.93000030517578,57.380001068115234,55.29999923706055,55.29999923706055,321100,BHF,2017-08-07 to 2019-04-02
2018-10-31 00:00:00+00:00,51.7299690246582,56.599998474121094,58.38999938964844,56.58000183105469,57.34000015258789,324400,BHF,2017-08-07 to 2019-04-02
2018-11-01 00:00:00+00:00,52.872413635253906,57.849998474121094,58.27000045776367,56.400001525878906,56.86000061035156,428100,BHF,2017-08-07 to 2019-04-02
2018-11-02 00:00:00+00:00,52.6530647277832,57.61000061035156,59.060001373291016,56.849998474121094,58.119998931884766,393500,BHF,2017-08-07 to 2019-04-02
2018-11-05 00:00:00+00:00,52.3606071472168,57.290000915527344,58.88999938964844,56.41999816894531,57.75,207300,BHF,2017-08-07 to 2019-04-02
2018-11-06 00:00:00+00:00,53.557891845703125,58.599998474121094,58.7400016784668,57.119998931884766,57.119998931884766,172100,BHF,2017-08-07 to 2019-04-02
2018-11-07 00:00:00+00:00,54.53582763671875,59.66999816894531,59.869998931884766,58.5099983215332,58.790000915527344,165800,BHF,2017-08-07 to 2019-04-02
2018-11-08 00:00:00+00:00,54.01485061645508,59.099998474121094,59.77000045776367,58.79999923706055,59.45000076293945,272700,BHF,2017-08-07 to 2019-04-02
2018-11-09 00:00:00+00:00,52.872413635253906,57.849998474121094,59.09000015258789,57.4900016784668,58.56999969482422,142400,BHF,2017-08-07 to 2019-04-02
2018-11-12 00:00:00+00:00,52.12297821044922,57.029998779296875,58.540000915527344,56.95000076293945,57.959999084472656,156200,BHF,2017-08-07 to 2019-04-02
2018-11-13 00:00:00+00:00,52.333187103271484,57.2599983215332,58.20000076293945,57.0,57.15999984741211,202500,BHF,2017-08-07 to 2019-04-02
2018-11-14 00:00:00+00:00,53.00950622558594,58.0,58.959999084472656,57.7599983215332,57.7599983215332,282400,BHF,2017-08-07 to 2019-04-02
2018-11-15 00:00:00+00:00,54.261634826660156,59.369998931884766,59.599998474121094,57.290000915527344,57.439998626708984,172800,BHF,2017-08-07 to 2019-04-02
2018-11-16 00:00:00+00:00,55.120758056640625,60.310001373291016,60.599998474121094,58.97999954223633,59.40999984741211,369100,BHF,2017-08-07 to 2019-04-02
2018-11-19 00:00:00+00:00,54.087982177734375,59.18000030517578,60.599998474121094,58.709999084472656,60.38999938964844,175300,BHF,2017-08-07 to 2019-04-02
2018-11-20 00:00:00+00:00,52.83586120605469,57.810001373291016,58.709999084472656,57.34000015258789,58.45000076293945,185200,BHF,2017-08-07 to 2019-04-02
2018-11-21 00:00:00+00:00,53.48476791381836,58.52000045776367,58.9900016784668,57.25,58.25,83000,BHF,2017-08-07 to 2019-04-02
2018-11-23 00:00:00+00:00,53.548744201660156,58.59000015258789,59.0099983215332,57.90999984741211,57.95000076293945,47300,BHF,2017-08-07 to 2019-04-02
2018-11-26 00:00:00+00:00,53.777862548828125,58.68000030517578,59.22999954223633,57.95000076293945,58.84000015258789,114800,BHF,2017-08-07 to 2019-04-02
2018-11-27 00:00:00+00:00,52.81558609008789,57.630001068115234,58.41999816894531,57.29999923706055,58.41999816894531,115100,BHF,2017-08-07 to 2019-04-02
2018-11-28 00:00:00+00:00,54.33690643310547,59.290000915527344,59.310001373291016,57.130001068115234,57.880001068115234,204000,BHF,2017-08-07 to 2019-04-02
2018-11-29 00:00:00+00:00,53.60373306274414,58.4900016784668,59.630001068115234,57.959999084472656,59.0099983215332,256100,BHF,2017-08-07 to 2019-04-02
2018-11-30 00:00:00+00:00,55.033424377441406,60.04999923706055,60.31999969482422,58.25,58.25,231500,BHF,2017-08-07 to 2019-04-02
2018-12-03 00:00:00+00:00,54.91427230834961,59.91999816894531,61.369998931884766,59.40999984741211,61.02000045776367,267200,BHF,2017-08-07 to 2019-04-02
2018-12-04 00:00:00+00:00,51.321754455566406,56.0,59.81999969482422,55.650001525878906,59.81999969482422,248300,BHF,2017-08-07 to 2019-04-02
2018-12-06 00:00:00+00:00,51.06513977050781,55.720001220703125,55.75,54.15999984741211,55.099998474121094,308700,BHF,2017-08-07 to 2019-04-02
2018-12-07 00:00:00+00:00,49.94707489013672,54.5,57.09000015258789,53.970001220703125,55.779998779296875,248100,BHF,2017-08-07 to 2019-04-02
2018-12-10 00:00:00+00:00,50.50611114501953,55.11000061035156,55.220001220703125,53.59000015258789,54.380001068115234,381400,BHF,2017-08-07 to 2019-04-02
2018-12-11 00:00:00+00:00,50.80854034423828,55.439998626708984,56.45000076293945,55.220001220703125,56.150001525878906,165400,BHF,2017-08-07 to 2019-04-02
2018-12-12 00:00:00+00:00,51.56003189086914,56.2599983215332,57.220001220703125,55.869998931884766,56.33000183105469,327100,BHF,2017-08-07 to 2019-04-02
2018-12-13 00:00:00+00:00,51.468387603759766,56.15999984741211,56.95000076293945,56.0099983215332,56.4900016784668,206100,BHF,2017-08-07 to 2019-04-02
2018-12-14 00:00:00+00:00,50.79936218261719,55.43000030517578,56.04999923706055,55.08000183105469,55.529998779296875,202600,BHF,2017-08-07 to 2019-04-02
2018-12-17 00:00:00+00:00,50.08453369140625,54.650001525878906,56.459999084472656,54.22999954223633,55.380001068115234,240700,BHF,2017-08-07 to 2019-04-02
2018-12-18 00:00:00+00:00,50.744380950927734,55.369998931884766,56.25,55.18000030517578,55.33000183105469,159400,BHF,2017-08-07 to 2019-04-02
2018-12-19 00:00:00+00:00,48.581539154052734,53.0099983215332,55.849998474121094,52.650001525878906,55.5099983215332,332200,BHF,2017-08-07 to 2019-04-02
2018-12-20 00:00:00+00:00,48.48988723754883,52.90999984741211,53.40999984741211,52.099998474121094,52.869998931884766,177800,BHF,2017-08-07 to 2019-04-02
2018-12-21 00:00:00+00:00,46.87692642211914,51.150001525878906,53.70000076293945,51.04999923706055,53.029998779296875,1205200,BHF,2017-08-07 to 2019-04-02
2018-12-24 00:00:00+00:00,45.54806137084961,49.70000076293945,51.11000061035156,49.619998931884766,50.83000183105469,113000,BHF,2017-08-07 to 2019-04-02
2018-12-26 00:00:00+00:00,47.79337692260742,52.150001525878906,52.22999954223633,49.060001373291016,49.560001373291016,180300,BHF,2017-08-07 to 2019-04-02
2018-12-27 00:00:00+00:00,48.44407272338867,52.86000061035156,52.88999938964844,50.599998474121094,51.08000183105469,140800,BHF,2017-08-07 to 2019-04-02
2018-12-28 00:00:00+00:00,48.54486846923828,52.970001220703125,54.290000915527344,51.9900016784668,53.150001525878906,163900,BHF,2017-08-07 to 2019-04-02
2018-12-31 00:00:00+00:00,49.14057159423828,53.619998931884766,53.630001068115234,52.650001525878906,53.310001373291016,194400,BHF,2017-08-07 to 2019-04-02
2019-01-02 00:00:00+00:00,49.73628234863281,54.27000045776367,54.41999816894531,51.79999923706055,52.619998931884766,290400,BHF,2017-08-07 to 2019-04-02
2019-01-03 00:00:00+00:00,48.1141357421875,52.5,54.470001220703125,52.2599983215332,53.81999969482422,174800,BHF,2017-08-07 to 2019-04-02
2019-01-04 00:00:00+00:00,49.74544143676758,54.279998779296875,54.529998779296875,53.0099983215332,53.4900016784668,187200,BHF,2017-08-07 to 2019-04-02
2019-01-07 00:00:00+00:00,49.78209686279297,54.31999969482422,54.95000076293945,53.880001068115234,54.33000183105469,83700,BHF,2017-08-07 to 2019-04-02
2019-01-08 00:00:00+00:00,50.73522186279297,55.36000061035156,55.369998931884766,54.36000061035156,54.86000061035156,182100,BHF,2017-08-07 to 2019-04-02
2019-01-09 00:00:00+00:00,51.26675796508789,55.939998626708984,56.52000045776367,54.90999984741211,54.90999984741211,173300,BHF,2017-08-07 to 2019-04-02
2019-01-10 00:00:00+00:00,51.67916488647461,56.38999938964844,56.45000076293945,55.18000030517578,55.400001525878906,106900,BHF,2017-08-07 to 2019-04-02
2019-01-11 00:00:00+00:00,51.73416519165039,56.45000076293945,56.61000061035156,55.72999954223633,55.95000076293945,120700,BHF,2017-08-07 to 2019-04-02
2019-01-14 00:00:00+00:00,51.19344711303711,55.86000061035156,56.400001525878906,55.68000030517578,56.02000045776367,129100,BHF,2017-08-07 to 2019-04-02
2019-01-15 00:00:00+00:00,51.07430648803711,55.72999954223633,56.130001068115234,55.20000076293945,55.88999938964844,100700,BHF,2017-08-07 to 2019-04-02
2019-01-16 00:00:00+00:00,51.23926544189453,55.90999984741211,56.290000915527344,55.59000015258789,55.7599983215332,222300,BHF,2017-08-07 to 2019-04-02
2019-01-17 00:00:00+00:00,52.54981231689453,57.34000015258789,57.66999816894531,55.439998626708984,55.439998626708984,164700,BHF,2017-08-07 to 2019-04-02
2019-01-18 00:00:00+00:00,53.310462951660156,58.16999816894531,58.650001525878906,57.310001373291016,57.709999084472656,144800,BHF,2017-08-07 to 2019-04-02
2019-01-22 00:00:00+00:00,52.23820495605469,57.0,57.66999816894531,56.58000183105469,57.40999984741211,186200,BHF,2017-08-07 to 2019-04-02
2019-01-23 00:00:00+00:00,51.70665740966797,56.41999816894531,57.349998474121094,56.20000076293945,56.97999954223633,123600,BHF,2017-08-07 to 2019-04-02
2019-01-24 00:00:00+00:00,52.14656066894531,56.900001525878906,57.2400016784668,56.2400016784668,56.349998474121094,143700,BHF,2017-08-07 to 2019-04-02
2019-01-25 00:00:00+00:00,53.13634490966797,57.97999954223633,58.310001373291016,57.2599983215332,57.63999938964844,123600,BHF,2017-08-07 to 2019-04-02
2019-01-28 00:00:00+00:00,52.210723876953125,56.970001220703125,57.9900016784668,56.29999923706055,57.2599983215332,162200,BHF,2017-08-07 to 2019-04-02
2019-01-29 00:00:00+00:00,52.69643783569336,57.5,57.88999938964844,57.189998626708984,57.22999954223633,162700,BHF,2017-08-07 to 2019-04-02
2019-01-30 00:00:00+00:00,53.777862548828125,58.68000030517578,59.0099983215332,57.459999084472656,58.08000183105469,148000,BHF,2017-08-07 to 2019-04-02
2019-01-31 00:00:00+00:00,54.14444351196289,59.08000183105469,59.630001068115234,58.08000183105469,58.63999938964844,156200,BHF,2017-08-07 to 2019-04-02
2019-02-01 00:00:00+00:00,54.456050872802734,59.41999816894531,59.720001220703125,58.790000915527344,59.2599983215332,121100,BHF,2017-08-07 to 2019-04-02
2019-02-04 00:00:00+00:00,54.905113220214844,59.90999984741211,60.11000061035156,58.459999084472656,59.36000061035156,136000,BHF,2017-08-07 to 2019-04-02
2019-02-05 00:00:00+00:00,54.93260192871094,59.939998626708984,60.27000045776367,59.41999816894531,60.060001373291016,100800,BHF,2017-08-07 to 2019-04-02
2019-02-06 00:00:00+00:00,55.02425003051758,60.040000915527344,60.40999984741211,59.75,59.939998626708984,78100,BHF,2017-08-07 to 2019-04-02
2019-02-07 00:00:00+00:00,53.99781036376953,58.91999816894531,60.33000183105469,58.470001220703125,59.61000061035156,197000,BHF,2017-08-07 to 2019-04-02
2019-02-08 00:00:00+00:00,53.924495697021484,58.84000015258789,58.91999816894531,58.2599983215332,58.630001068115234,132600,BHF,2017-08-07 to 2019-04-02
2019-02-11 00:00:00+00:00,54.03447341918945,58.959999084472656,59.22999954223633,58.540000915527344,59.06999969482422,228600,BHF,2017-08-07 to 2019-04-02
2019-02-12 00:00:00+00:00,55.262535095214844,60.29999923706055,60.310001373291016,59.34000015258789,59.369998931884766,179400,BHF,2017-08-07 to 2019-04-02
2019-02-13 00:00:00+00:00,55.64744186401367,60.720001220703125,60.970001220703125,60.459999084472656,60.63999938964844,67800,BHF,2017-08-07 to 2019-04-02
2019-02-14 00:00:00+00:00,55.253360748291016,60.290000915527344,61.11000061035156,59.97999954223633,60.369998931884766,154300,BHF,2017-08-07 to 2019-04-02
2019-02-15 00:00:00+00:00,55.73908996582031,60.81999969482422,61.369998931884766,59.400001525878906,60.06999969482422,272200,BHF,2017-08-07 to 2019-04-02
2019-02-19 00:00:00+00:00,56.233978271484375,61.36000061035156,61.97999954223633,60.40999984741211,60.40999984741211,152200,BHF,2017-08-07 to 2019-04-02
2019-02-20 00:00:00+00:00,56.270633697509766,61.400001525878906,61.650001525878906,60.95000076293945,61.310001373291016,275800,BHF,2017-08-07 to 2019-04-02
2019-02-21 00:00:00+00:00,56.19731140136719,61.31999969482422,61.900001525878906,60.79999923706055,61.29999923706055,163400,BHF,2017-08-07 to 2019-04-02
2019-02-22 00:00:00+00:00,55.76544952392578,60.689998626708984,61.63999938964844,56.599998474121094,57.27000045776367,360800,BHF,2017-08-07 to 2019-04-02
2019-02-25 00:00:00+00:00,54.99360275268555,59.849998474121094,61.33000183105469,59.68000030517578,60.689998626708984,404500,BHF,2017-08-07 to 2019-04-02
2019-02-26 00:00:00+00:00,53.67964553833008,58.41999816894531,59.709999084472656,58.33000183105469,59.630001068115234,206600,BHF,2017-08-07 to 2019-04-02
2019-02-27 00:00:00+00:00,53.85423278808594,58.61000061035156,58.970001220703125,58.099998474121094,58.349998474121094,246400,BHF,2017-08-07 to 2019-04-02
2019-02-28 00:00:00+00:00,53.35805130004883,58.06999969482422,58.790000915527344,58.02000045776367,58.790000915527344,268400,BHF,2017-08-07 to 2019-04-02
2019-03-01 00:00:00+00:00,53.5877571105957,58.31999969482422,58.7400016784668,57.56999969482422,58.439998626708984,169600,BHF,2017-08-07 to 2019-04-02
2019-03-04 00:00:00+00:00,53.56019592285156,58.290000915527344,58.83000183105469,57.77000045776367,58.52000045776367,160200,BHF,2017-08-07 to 2019-04-02
2019-03-05 00:00:00+00:00,53.082393646240234,57.77000045776367,58.41999816894531,57.7599983215332,58.279998779296875,118000,BHF,2017-08-07 to 2019-04-02
2019-03-06 00:00:00+00:00,52.51270294189453,57.150001525878906,57.970001220703125,57.029998779296875,57.88999938964844,251800,BHF,2017-08-07 to 2019-04-02
2019-03-07 00:00:00+00:00,51.7684326171875,56.34000015258789,57.130001068115234,56.189998626708984,57.130001068115234,117200,BHF,2017-08-07 to 2019-04-02
2019-03-08 00:00:00+00:00,51.20792770385742,55.72999954223633,56.18000030517578,55.45000076293945,55.959999084472656,144000,BHF,2017-08-07 to 2019-04-02
2019-03-11 00:00:00+00:00,51.933815002441406,56.52000045776367,56.7400016784668,55.09000015258789,55.41999816894531,147900,BHF,2017-08-07 to 2019-04-02
2019-03-12 00:00:00+00:00,51.69491958618164,56.2599983215332,56.709999084472656,55.15999984741211,56.709999084472656,150000,BHF,2017-08-07 to 2019-04-02
2019-03-13 00:00:00+00:00,51.382503509521484,55.91999816894531,56.790000915527344,55.779998779296875,56.52000045776367,163900,BHF,2017-08-07 to 2019-04-02
2019-03-14 00:00:00+00:00,50.81281280517578,55.29999923706055,55.77000045776367,55.22999954223633,55.7400016784668,165500,BHF,2017-08-07 to 2019-04-02
2019-03-15 00:00:00+00:00,50.56471633911133,55.029998779296875,55.93000030517578,54.75,55.540000915527344,355500,BHF,2017-08-07 to 2019-04-02
2019-03-18 00:00:00+00:00,50.821998596191406,55.310001373291016,55.95000076293945,55.06999969482422,55.119998931884766,341400,BHF,2017-08-07 to 2019-04-02
2019-03-19 00:00:00+00:00,50.390140533447266,54.84000015258789,56.310001373291016,54.63999938964844,55.630001068115234,264600,BHF,2017-08-07 to 2019-04-02
2019-03-20 00:00:00+00:00,49.848018646240234,54.25,55.18000030517578,53.95000076293945,54.54999923706055,239700,BHF,2017-08-07 to 2019-04-02
2019-03-21 00:00:00+00:00,50.20635986328125,54.63999938964844,55.38999938964844,54.029998779296875,54.029998779296875,284900,BHF,2017-08-07 to 2019-04-02
2019-03-22 00:00:00+00:00,47.367095947265625,51.54999923706055,54.29999923706055,51.52000045776367,54.220001220703125,200900,BHF,2017-08-07 to 2019-04-02
2019-03-25 00:00:00+00:00,47.330345153808594,51.5099983215332,52.150001525878906,51.150001525878906,51.59000015258789,191200,BHF,2017-08-07 to 2019-04-02
2019-03-26 00:00:00+00:00,47.670310974121094,51.880001068115234,52.689998626708984,51.470001220703125,51.90999984741211,211300,BHF,2017-08-07 to 2019-04-02
2019-03-27 00:00:00+00:00,47.22926712036133,51.400001525878906,52.470001220703125,51.29999923706055,51.81999969482422,166800,BHF,2017-08-07 to 2019-04-02
2019-03-28 00:00:00+00:00,47.3579216003418,51.540000915527344,52.65999984741211,51.0,51.619998931884766,137400,BHF,2017-08-07 to 2019-04-02
2019-03-29 00:00:00+00:00,47.23845672607422,51.40999984741211,52.04999923706055,51.2400016784668,51.97999954223633,208000,BHF,2017-08-07 to 2019-04-02
2019-04-01 00:00:00+00:00,48.41459274291992,52.689998626708984,52.900001525878906,51.650001525878906,51.90999984741211,169600,BHF,2017-08-07 to 2019-04-02
